Week_Ending_Date,Country_Name,Net_Cash_Flow,Operating_Cash_Flow,Financing_Cash_Flow,Implied_Investing_CF,Lag_1,Lag_2,Lag_4,Roll_Mean_4w,Roll_Std_4w
2025-02-02,ID,-10682.43288,-11082.71006,0.0,400.27717999999913,-9078.43305,-17737.45698,-7287.13095,-11397.867954999998,4563.497608478395
2025-02-09,ID,-17695.42114,-17266.38491,0.0,-429.0362299999979,-10682.43288,-9078.43305,-11488.45084,-12246.693437499998,3795.093371317871
2025-02-16,ID,-19014.71557,-17601.64606,0.0,-1413.0695100000012,-17695.42114,-10682.43288,-17737.45698,-13798.436012499998,4571.297509246122
2025-02-23,ID,-7069.00291,-7069.00291,0.0,0.0,-19014.71557,-17695.42114,-9078.43305,-14117.750659999998,4965.7534378740875
2025-03-02,ID,-15308.0616,-15275.33566,0.0,-32.725940000000264,-7069.00291,-19014.71557,-10682.43288,-13615.393124999999,5693.7624383783295
2025-03-09,ID,-11743.40561,-11382.22119,0.0,-361.1844199999996,-15308.0616,-7069.00291,-17695.42114,-14771.800304999999,5359.432576238831
2025-03-16,ID,-9886.99709,-9896.76562,0.0,9.768529999999373,-11743.40561,-15308.0616,-19014.71557,-13283.7964225,5096.977733332689
2025-03-23,ID,-21413.53028,-20585.53912,0.0,-827.9911599999978,-9886.99709,-11743.40561,-7069.00291,-11001.866802499999,3454.6368024161716
2025-03-30,ID,-10343.65696,-11434.0667,0.0,1090.4097399999991,-21413.53028,-9886.99709,-15308.0616,-14587.998644999998,5076.00557901033
2025-04-06,ID,-13054.38744,-13054.38744,0.0,0.0,-10343.65696,-21413.53028,-11743.40561,-13346.897485,5435.4427981807185
2025-04-13,ID,-9835.76007,-9855.60421,0.0,19.844139999999243,-13054.38744,-10343.65696,-9886.99709,-13674.642942499999,5345.303946159072
2025-04-20,ID,-18663.30296,-17892.55352,0.0,-770.7494399999996,-9835.76007,-13054.38744,-21413.53028,-13661.833687499999,5357.453596850842
2025-04-27,ID,-8335.0811,-8358.86829,0.0,23.78719000000092,-18663.30296,-9835.76007,-10343.65696,-12974.2768575,4047.2988675945776
2025-05-04,ID,-9247.21872,-9284.60325,0.0,37.38452999999936,-8335.0811,-18663.30296,-13054.38744,-12472.132892499998,4572.937289308207
2025-05-11,ID,-15582.3902,-15047.89729,0.0,-534.492909999999,-9247.21872,-8335.0811,-9835.76007,-11520.3407125,4801.82895718242
2025-05-18,ID,-9963.12817,-9978.08283,0.0,14.954659999999421,-15582.3902,-9247.21872,-18663.30296,-12956.998244999999,4985.952889106358
2025-05-25,ID,-6309.27004,-6326.2456,0.0,16.97555999999986,-9963.12817,-15582.3902,-8335.0811,-10781.954547499998,3268.9071985693486
2025-06-01,ID,-11958.36534,-11999.94367,0.0,41.57833000000028,-6309.27004,-9963.12817,-9247.21872,-10275.5017825,3875.091493174534
2025-06-08,ID,-2967.2959,-2969.49562,0.0,2.1997200000000703,-11958.36534,-6309.27004,-15582.3902,-10953.2884375,3872.3845771123915
2025-06-15,ID,-15266.22381,-15283.54851,0.0,17.32470000000103,-2967.2959,-11958.36534,-9963.12817,-7799.514862499998,3981.1401035015806
2025-06-22,ID,-4769.29392,-4769.94936,0.0,0.6554399999995439,-15266.22381,-2967.2959,-6309.27004,-9125.2887725,5525.342936315188
2025-06-29,ID,-21986.55344,-21564.37344,0.0,-422.1800000000003,-4769.29392,-15266.22381,-11958.36534,-8740.294742499998,5832.097728157439
2025-07-06,ID,-7373.93089,-5912.95075,0.0,-1460.9801399999997,-21986.55344,-4769.29392,-2967.2959,-11247.341767499998,8981.580107840944
2025-07-13,ID,-12329.53867,-12410.41499,0.0,80.8763199999994,-7373.93089,-21986.55344,-15266.22381,-12349.000515,7822.9552807736045
2025-07-20,ID,-14346.15242,-14381.75411,0.0,35.60168999999951,-12329.53867,-7373.93089,-4769.29392,-11614.829229999998,7592.321671324629
2025-07-27,ID,-16552.442469999998,-15816.8705,0.0,-735.5719699999972,-14346.15242,-12329.53867,-21986.55344,-14009.043854999996,6071.786203090385
2025-08-03,ID,-7914.30034,-7927.588299999999,0.0,13.287959999999657,-16552.442469999998,-14346.15242,-7373.93089,-12650.516112499998,3917.7199966121752
2025-08-10,ID,-15718.06347,-15767.15157,0.0,49.08810000000085,-7914.30034,-16552.442469999998,-12329.53867,-12785.608474999997,3677.044935058304
2025-08-17,ID,-12515.31333,-12616.40171,0.0,101.08837999999923,-15718.06347,-7914.30034,-14346.15242,-13632.739674999997,3919.3003590746366
2025-08-24,ID,-10660.39338,-10677.42002,0.0,17.026640000000043,-12515.31333,-15718.06347,-16552.442469999998,-13175.029902499999,3915.1175743235494
2025-08-31,ID,-13687.83772,-13271.56302,0.0,-416.27469999999994,-10660.39338,-12515.31333,-7914.30034,-11702.017629999998,3277.2883827829814
2025-09-07,ID,-12945.5423,-11696.32648,0.0,-1249.2158199999994,-13687.83772,-10660.39338,-15718.06347,-13145.401974999997,2120.1496113160815
2025-09-14,ID,-18550.45452,-18231.29491,0.0,-319.1596099999988,-12945.5423,-13687.83772,-12515.31333,-12452.271682499999,1289.023071347979
2025-09-21,ID,-11398.50268,-11258.64286,0.0,-139.85981999999967,-18550.45452,-12945.5423,-10660.39338,-13961.056979999998,3319.782563655512
2025-09-28,ID,-13568.86391,-13583.98561,0.0,15.121699999999691,-11398.50268,-18550.45452,-13687.83772,-14145.584304999997,3087.554146097436
2025-10-05,ID,-14601.42,-13784.95437,0.0,-816.4656300000006,-13568.86391,-11398.50268,-12945.5423,-14115.840852499998,3093.9999785236864
2025-10-12,ID,-13601.80282,-13512.08739,0.0,-89.7154300000002,-14601.42,-13568.86391,-18550.45452,-14529.810277499997,2994.3955020714734
2025-10-19,ID,-13300.84675,-12469.56936,0.0,-831.2773900000011,-13601.80282,-14601.42,-11398.50268,-13292.647352499998,1350.6223963944203
2025-10-26,ID,-18561.71174,-18159.85776,0.0,-401.85397999999986,-13300.84675,-13601.80282,-13568.86391,-13768.233369999998,571.5760440862343
2025-11-02,ID,-9379.78894,-8460.55894,0.0,-919.2299999999996,-18561.71174,-13300.84675,-14601.42,-15016.445327499998,2428.006854823727
2025-02-02,KR,-1283.95395,-1908.09395,0.0,624.1399999999999,-14606.03683,-13682.45082,-11295.58924,-14449.393305000001,2870.986452565685
2025-02-09,KR,-10257.08307,-10249.45503,0.0,-7.62804000000142,-1283.95395,-14606.03683,-18213.49633,-11946.4844825,7372.285775506943
2025-02-16,KR,-21669.60356,-22156.23113,0.0,486.62757000000056,-10257.08307,-1283.95395,-13682.45082,-9957.3811675,6077.398136047522
2025-02-23,KR,-21064.29898,-21341.2779,0.0,276.9789200000014,-21669.60356,-10257.08307,-14606.03683,-11954.169352500001,8527.517449302604
2025-03-02,KR,-16811.21634,-17140.454,0.0,329.2376600000025,-21064.29898,-21669.60356,-1283.95395,-13568.73489,9724.375468491222
2025-03-09,KR,-11161.03798,-11180.67265,0.0,19.63467000000128,-16811.21634,-21064.29898,-10257.08307,-17450.5504875,5260.364646245583
2025-03-16,KR,-13599.32509,-13566.90064,0.0,-32.424450000000434,-11161.03798,-16811.21634,-21669.60356,-17676.539215,4851.873147213277
2025-03-23,KR,-22434.82644,-22433.18248,0.0,-1.6439600000012433,-13599.32509,-11161.03798,-21064.29898,-15658.9695975,4282.475243045807
2025-03-30,KR,-8745.29958,-8802.15205,0.0,56.85246999999981,-22434.82644,-13599.32509,-16811.21634,-16001.6014625,4873.186721198065
2025-04-06,KR,-17392.91106,-17398.46881,0.0,5.557749999999942,-8745.29958,-22434.82644,-11161.03798,-13985.122272499999,5971.530622441648
2025-04-13,KR,-7652.87271,-7647.21894,0.0,-5.653769999999895,-17392.91106,-8745.29958,-13599.32509,-15543.0905425,5799.599001426256
2025-04-20,KR,-15012.9568,-15699.08463,0.0,686.1278299999994,-7652.87271,-17392.91106,-22434.82644,-14056.477447499998,7083.861589676916
2025-04-27,KR,-18250.08282,-18335.96924,0.0,85.8864199999989,-15012.9568,-7652.87271,-8745.29958,-12201.0100375,4743.078070144063
2025-05-04,KR,-12446.51605,-11775.68605,-670.83,0.0,-18250.08282,-15012.9568,-17392.91106,-14577.2058475,4815.062803000106
2025-05-11,KR,-12183.09594,-12190.31959,0.0,7.223649999999907,-12446.51605,-18250.08282,-7652.87271,-13340.607095,4473.977598708576
2025-05-18,KR,-12049.74133,-12069.18595,0.0,19.444619999998395,-12183.09594,-12446.51605,-15012.9568,-14473.1629025,2823.0129101410216
2025-05-25,KR,-23645.74288,-23633.6046,0.0,-12.138280000002851,-12049.74133,-12183.09594,-18250.08282,-13732.359035000001,3016.324411063735
2025-06-01,KR,-1673.96101,-1762.99033,-831.83,920.85932,-23645.74288,-12049.74133,-12446.51605,-15081.27405,5712.025415685735
2025-06-08,KR,-12115.92964,-12115.92964,0.0,0.0,-1673.96101,-23645.74288,-12183.09594,-12388.13529,8975.59303072973
2025-06-15,KR,-14640.767,-14607.196,0.0,-33.57099999999991,-12115.92964,-1673.96101,-12049.74133,-12371.343715,8976.16729108684
2025-06-22,KR,-20031.94611,-20030.14451,0.0,-1.8016000000025088,-14640.767,-12115.92964,-23645.74288,-13019.1001325,9038.496153666725
2025-06-29,KR,-24086.88812,-24115.76918,0.0,28.881059999999707,-20031.94611,-14640.767,-1673.96101,-12115.65094,7704.388987388348
2025-07-06,KR,-6205.94025,-6204.251249999999,0.0,-1.6890000000003056,-24086.88812,-20031.94611,-12115.92964,-17718.8827175,5378.030451846968
2025-07-13,KR,-22523.34345,-22500.32987,0.0,-23.01357999999891,-6205.94025,-24086.88812,-14640.767,-16241.38537,7728.570416465564
2025-07-20,KR,-15274.98603,-15289.83077,0.0,14.844740000000456,-22523.34345,-6205.94025,-20031.94611,-18212.029482500002,8176.381989746896
2025-07-27,KR,-20507.90028,-21337.36294,0.0,829.4626599999974,-15274.98603,-22523.34345,-24086.88812,-17022.789462499997,8169.38650770701
2025-08-03,KR,-3024.29453,-3464.6580700000004,0.0,440.3635400000003,-20507.90028,-15274.98603,-6205.94025,-16128.0425025,7286.033370189877
2025-08-10,KR,-18840.96265,-18817.78202,0.0,-23.180630000002566,-3024.29453,-20507.90028,-22523.34345,-15332.6310725,8755.726264572899
2025-08-17,KR,-6459.08877,-6446.80627,0.0,-12.282500000000255,-18840.96265,-3024.29453,-15274.98603,-14412.0358725,7899.37320579076
2025-08-24,KR,-16473.06314,-16471.48674,0.0,-1.5763999999981024,-6459.08877,-18840.96265,-20507.90028,-12208.061557500001,8761.18265702392
2025-08-31,KR,-11780.78113,-12473.84971,0.0,693.068580000001,-16473.06314,-6459.08877,-3024.29453,-11199.3522725,7648.701472403586
2025-09-07,KR,-8741.32495,-8821.10485,0.0,79.77989999999954,-11780.78113,-16473.06314,-18840.96265,-13388.473922500001,5472.518575298943
2025-09-14,KR,-12896.21155,-12861.4802,0.0,-34.73135000000002,-8741.32495,-11780.78113,-6459.08877,-10863.5644975,4328.628285506235
2025-09-21,KR,-12064.93357,-13003.25973,0.0,938.3261600000005,-12896.21155,-8741.32495,-16473.06314,-12472.845192499999,3192.9181369062903
2025-09-28,KR,-26928.18279,-28092.97009,-378.8,1543.5872999999992,-12064.93357,-12896.21155,-11780.78113,-11370.8128,1815.7574521163206
2025-10-05,KR,-1385.14284,-1720.56096,0.0,335.41812000000004,-26928.18279,-12064.93357,-8741.32495,-15157.663214999999,8049.7136198864155
2025-10-12,KR,-20908.66286,-20869.70064,0.0,-38.96222000000125,-1385.14284,-26928.18279,-12896.21155,-13318.6176875,10478.203329238122
2025-10-19,KR,-18209.94343,-18613.44081,0.0,403.4973800000007,-20908.66286,-1385.14284,-12064.93357,-15321.730515,11116.935276165867
2025-10-26,KR,-20502.86977,-20975.99,0.0,473.12023000000045,-18209.94343,-20908.66286,-26928.18279,-16857.98298,10940.041297300484
2025-11-02,KR,-935.63669,-1493.57669,0.0,557.94,-20502.86977,-18209.94343,-1385.14284,-15251.654725,9320.383118149659
2025-02-02,MY,-10276.63771,-10222.56455,-55.1189,1.0457399999977497,-5017.70807,-5808.00139,-2709.942,-5293.637735,2042.5836134031829
2025-02-09,MY,-10393.93445,-10403.71847,0.0,9.784019999999146,-10276.63771,-5017.70807,-7638.89948,-7185.3116625,2335.060852960748
2025-02-16,MY,-4436.73129,-4584.18053,0.0,147.44923999999992,-10393.93445,-10276.63771,-5808.00139,-7874.070405,2860.62297550076
2025-02-23,MY,-7251.50591,-7253.80451,0.0,2.2986000000000786,-4436.73129,-10393.93445,-5017.70807,-7531.25288,3246.8474463118773
2025-03-02,MY,-12078.34388,-12174.66388,-91.46,187.77999999999884,-7251.50591,-4436.73129,-10276.63771,-8089.70234,2836.602585060454
2025-03-09,MY,-7839.41842,-7928.73726,0.0,89.31883999999991,-12078.34388,-7251.50591,-10393.93445,-8540.128882500001,3388.9025469423714
2025-03-16,MY,-7136.36078,-7126.20053,0.0,-10.160249999999905,-7839.41842,-12078.34388,-4436.73129,-7901.4998749999995,3155.787986715768
2025-03-23,MY,-7050.65377,-7061.22501,0.0,10.571240000000216,-7136.36078,-7839.41842,-7251.50591,-8576.4072475,2354.83970385628
2025-03-30,MY,-5671.98612,-5671.98612,0.0,0.0,-7050.65377,-7136.36078,-12078.34388,-8526.1942125,2394.318609892468
2025-04-06,MY,-7934.14047,-7703.07007,-239.3,8.229599999999664,-5671.98612,-7050.65377,-7839.41842,-6924.6047725,906.7646616269396
2025-04-13,MY,-3499.66362,-3691.94027,0.0,192.27665000000025,-7934.14047,-5671.98612,-7136.36078,-6948.285285,939.273070502177
2025-04-20,MY,-14611.68507,-15901.33461,0.0,1289.6495400000003,-3499.66362,-7934.14047,-7050.65377,-6039.110995,1932.0049293425395
2025-04-27,MY,-2972.08771,-3000.5968,0.0,28.509090000000015,-14611.68507,-3499.66362,-5671.98612,-7929.36882,4808.722562414545
2025-05-04,MY,-11668.55911,-10835.20911,-833.35,0.0,-2972.08771,-14611.68507,-7934.14047,-7254.394217499999,5386.029290056746
2025-05-11,MY,-6674.09096,-6661.03421,0.0,-13.056750000000648,-11668.55911,-2972.08771,-3499.66362,-8187.9988775,5847.057967495118
2025-05-18,MY,-7927.57706,-7927.57706,0.0,0.0,-6674.09096,-11668.55911,-14611.68507,-8981.605712499999,5175.469160293945
2025-05-25,MY,-7908.46752,-7908.46752,0.0,0.0,-7927.57706,-6674.09096,-2972.08771,-7310.57871,3587.027596941881
2025-06-01,MY,-5538.88689,-5547.49106,0.0,8.604170000000522,-7908.46752,-7927.57706,-11668.55911,-8544.6736625,2163.585481599641
2025-06-08,MY,-11904.28545,-11915.18941,0.0,10.903960000001462,-5538.88689,-7908.46752,-6674.09096,-7012.2556075,1143.995900348132
2025-06-15,MY,-8514.46598,-8849.94299,0.0,335.4770099999987,-11904.28545,-5538.88689,-7927.57706,-8319.80423,2639.7630518871188
2025-06-22,MY,-5215.04983,-5550.51983,0.0,335.47000000000025,-8514.46598,-11904.28545,-7908.46752,-8466.526460000001,2626.97470507092
2025-06-29,MY,-7421.17586,-7421.17586,0.0,0.0,-5215.04983,-8514.46598,-5538.88689,-7793.1720375,3117.158646640042
2025-07-06,MY,-8591.344079999999,-8865.59123,0.0,274.24715000000106,-7421.17586,-5215.04983,-11904.28545,-8263.74428,2788.1212774410146
2025-07-13,MY,-10321.69171,-10926.85373,0.0,605.1620200000016,-8591.344079999999,-7421.17586,-8514.46598,-7435.5089375,1573.8220210037136
2025-07-20,MY,-7512.05932,-7960.06709,0.0,448.00776999999925,-10321.69171,-8591.344079999999,-5215.04983,-7887.315369999999,2143.2167216834428
2025-07-27,MY,-8809.64775,-8409.92455,0.0,-399.72320000000036,-7512.05932,-10321.69171,-7421.17586,-8461.5677425,1349.1830350021914
2025-08-03,MY,-8382.28958,-8420.99949,0.0,38.70990999999958,-8809.64775,-7512.05932,-8591.344079999999,-8808.685715,1157.2475190342009
2025-08-10,MY,-8873.41729,-8972.1578,0.0,98.74051000000145,-8382.28958,-8809.64775,-10321.69171,-8756.42209,1174.9206771208487
2025-08-17,MY,-13993.14626,-14054.74291,0.0,61.59665000000132,-8873.41729,-8382.28958,-7512.05932,-8394.353485,627.3117213421768
2025-08-24,MY,-10104.99035,-10547.78492,0.0,442.79457,-13993.14626,-8873.41729,-8809.64775,-10014.62522,2661.295145227812
2025-08-31,MY,-8513.79553,-8523.3212,0.0,9.5256700000009,-10104.99035,-13993.14626,-8382.28958,-10338.460869999999,2541.9279160188626
2025-09-07,MY,-12573.39994,-12831.66094,0.0,258.2610000000004,-8513.79553,-10104.99035,-8873.41729,-10371.3373575,2508.828851885789
2025-09-14,MY,-9168.11213,-9151.94607,0.0,-16.16605999999956,-12573.39994,-8513.79553,-13993.14626,-11296.333019999998,2453.9433442397576
2025-09-21,MY,-6678.87932,-6763.64932,0.0,84.77000000000044,-9168.11213,-12573.39994,-10104.99035,-10090.0744875,1779.6814065531212
2025-09-28,MY,-10217.60423,-10429.08586,0.0,211.4816299999984,-6678.87932,-9168.11213,-8513.79553,-9233.54673,2463.2815860718533
2025-10-05,MY,-9920.00792,-9996.66104,0.0,76.65312000000085,-10217.60423,-6678.87932,-12573.39994,-9659.498905,2444.5759597319316
2025-10-12,MY,-10106.65378,-10133.1553,0.0,26.5015199999998,-9920.00792,-10217.60423,-9168.11213,-8996.1509,1606.7335675079178
2025-10-19,MY,-7329.2836,-7329.2836,0.0,0.0,-10106.65378,-9920.00792,-6678.87932,-9230.7863125,1705.6972323695245
2025-10-26,MY,-10368.06258,-10395.72774,0.0,27.66516000000047,-7329.2836,-10106.65378,-10217.60423,-9393.3873825,1381.537305679565
2025-11-02,MY,-5634.97732,-5839.27947,0.0,204.30215000000044,-10368.06258,-7329.2836,-9920.00792,-9431.001970000001,1413.1448240361751
2025-02-02,PH,-10750.76254,-10401.37678,0.0,-349.3857599999992,-8400.44372,-12225.22911,-11106.28559,-10111.951935,1855.8917638576495
2025-02-09,PH,-12388.54075,-11460.63337,0.0,-927.9073800000006,-10750.76254,-8400.44372,-8715.84932,-10023.0711725,1800.0725105106603
2025-02-16,PH,-14233.85368,-13769.28173,0.0,-464.57194999999956,-12388.54075,-10750.76254,-12225.22911,-10941.24403,1847.0909465710374
2025-02-23,PH,-15319.38313,-14792.71821,0.0,-526.6649199999993,-14233.85368,-12388.54075,-8400.44372,-11443.4001725,2477.8520503669206
2025-03-02,PH,-10851.73039,-10515.19718,0.0,-336.5332100000014,-15319.38313,-14233.85368,-10750.76254,-13173.135025,2017.835608247023
2025-03-09,PH,-10724.2697,-9545.67302,0.0,-1178.5966800000006,-10851.73039,-15319.38313,-12388.54075,-13198.3769875,1977.6639436769751
2025-03-16,PH,-13998.41375,-13985.76651,0.0,-12.647240000000238,-10724.2697,-10851.73039,-14233.85368,-12782.309225,2345.661713950908
2025-03-23,PH,-13952.51955,-12308.43611,0.0,-1644.0834400000003,-13998.41375,-10724.2697,-15319.38313,-12723.449242499999,2299.5983380879047
2025-03-30,PH,-5618.76946,-5936.95964,-38.51111,356.70129,-13952.51955,-13998.41375,-10851.73039,-12381.7333475,1841.1155685738156
2025-04-06,PH,-7594.3117,-8010.47764,0.0,416.16593999999986,-5618.76946,-13952.51955,-10724.2697,-11073.493115000001,3946.302956797178
2025-04-13,PH,-8578.83629,-7960.55904,0.0,-618.2772499999992,-7594.3117,-5618.76946,-13998.41375,-10291.003615,4330.262044993528
2025-04-20,PH,-13870.98048,-13577.74352,0.0,-293.2369600000002,-8578.83629,-7594.3117,-13952.51955,-8936.109250000001,3563.574058600747
2025-04-27,PH,-10199.87751,-9395.61284,0.0,-804.2646700000005,-13870.98048,-8578.83629,-5618.76946,-8915.7244825,3525.3415823693877
2025-05-04,PH,-12298.17047,-11972.47808,-324.94,-0.7523899999978312,-10199.87751,-13870.98048,-7594.3117,-10061.001495,2757.8130619117865
2025-05-11,PH,-12185.44402,-11948.04518,0.0,-237.39884000000166,-12298.17047,-10199.87751,-8578.83629,-11236.9661875,2324.1767932806288
2025-05-18,PH,-15044.77139,-13250.75847,0.0,-1794.0129199999992,-12185.44402,-12298.17047,-13870.98048,-12138.61812,1504.1547035360918
2025-05-25,PH,-12952.69032,-12685.69339,0.0,-266.99692999999934,-15044.77139,-12185.44402,-10199.87751,-12432.0658475,1990.615091188023
2025-06-01,PH,-18860.63599,-18857.47673,0.0,-3.1592600000003586,-12952.69032,-15044.77139,-12298.17047,-13120.26905,1326.8428441688623
2025-06-08,PH,-11597.09519,-10724.3846,-397.25,-475.4605900000006,-18860.63599,-12952.69032,-12185.44402,-14760.885429999998,2988.3671073389455
2025-06-15,PH,-14582.22694,-13003.99079,0.0,-1578.2361500000006,-11597.09519,-18860.63599,-15044.77139,-14613.798222500001,3166.551517798286
2025-06-22,PH,-12052.4768,-12000.2799,0.0,-52.196900000000824,-14582.22694,-11597.09519,-12952.69032,-14498.162110000001,3153.9878237626494
2025-06-29,PH,-6667.9723699999995,-6686.40613,-35.75817,54.191930000000866,-12052.4768,-14582.22694,-18860.63599,-14273.10873,3328.323655325378
2025-07-06,PH,-13162.9157,-11637.6984,0.0,-1525.2173000000003,-6667.9723699999995,-12052.4768,-11597.09519,-11224.942825000002,3309.614590811073
2025-07-13,PH,-9643.18985,-7839.04709,0.0,-1804.1427600000006,-13162.9157,-6667.9723699999995,-14582.22694,-11616.3979525,3457.597394781774
2025-07-20,PH,-12146.28908,-11020.39422,0.0,-1125.8948600000003,-9643.18985,-13162.9157,-12052.4768,-10381.63868,2878.878602383378
2025-07-27,PH,-17485.39218,-14598.28536,-26.825720000000004,-2860.2810999999983,-12146.28908,-9643.18985,-6667.9723699999995,-10405.09175,2897.350332446754
2025-08-03,PH,-15259.75117,-14751.30497,0.0,-508.4462000000003,-17485.39218,-12146.28908,-13162.9157,-13109.4467025,3270.7984208257853
2025-08-10,PH,-11089.09688,-9833.92053,0.0,-1255.1763499999997,-15259.75117,-17485.39218,-9643.18985,-13633.655569999999,3445.583528287751
2025-08-17,PH,-13976.25065,-12899.88177,0.0,-1076.36888,-11089.09688,-15259.75117,-12146.28908,-13995.132327500001,2923.721260695699
2025-08-24,PH,-9304.92999,-8402.64916,0.0,-902.2808299999997,-13976.25065,-11089.09688,-17485.39218,-14452.62272,2670.167495228954
2025-08-31,PH,-17146.01069,-16491.52901,-51.986279999999994,-602.4953999999998,-9304.92999,-13976.25065,-15259.75117,-12407.5071725,2705.5771283414488
2025-09-07,PH,-13510.44532,-11739.54989,-216.06,-1554.835430000001,-17146.01069,-9304.92999,-11089.09688,-12879.0720525,3434.5824012098137
2025-09-14,PH,-21643.01659,-20497.66884,0.0,-1145.3477500000008,-13510.44532,-17146.01069,-13976.25065,-13484.4091625,3220.6602754650125
2025-09-21,PH,-10523.61205,-10393.97352,0.0,-129.63853000000017,-21643.01659,-13510.44532,-9304.92999,-15401.1006475,5251.796516190785
2025-09-28,PH,-10364.69682,-10997.76626,-25.69952,658.7689600000012,-10523.61205,-21643.01659,-17146.01069,-15705.771162500001,4795.810733857835
2025-10-05,PH,-15955.67696,-16149.45159,927.81304,-734.038410000001,-10364.69682,-10523.61205,-13510.44532,-14010.442695000002,5290.104994850699
2025-10-12,PH,-8338.76997,-8186.84521,0.0,-151.92475999999897,-15955.67696,-10364.69682,-21643.01659,-14621.750605,5353.963706048129
2025-10-19,PH,-11727.80566,-10709.32141,0.0,-1018.4842499999995,-8338.76997,-15955.67696,-10523.61205,-11295.68895,3261.988513839558
2025-10-26,PH,-17057.69606,-16421.14018,0.0,-636.5558799999999,-11727.80566,-8338.76997,-10364.69682,-11596.7373525,3222.3081138742778
2025-11-02,PH,-8459.64974,-8203.62587,0.0,-256.0238700000009,-17057.69606,-11727.80566,-15955.67696,-13269.9871625,4010.606569537704
2025-02-02,SS,-2490.73145,-3119.3231,0.0,628.5916499999998,-1245.42769,-1937.01934,-416.1808,-1586.3395675,992.467586238069
2025-02-09,SS,-2729.90869,-2814.65563,0.0,84.74694,-2490.73145,-1245.42769,-2746.73044,-2104.97723,665.254028002481
2025-02-16,SS,-1924.56441,-1926.32707,0.0,1.7626600000000963,-2729.90869,-2490.73145,-1937.01934,-2100.7717925,659.8762938750313
2025-02-23,SS,-3621.20386,-3621.20386,0.0,0.0,-1924.56441,-2729.90869,-1245.42769,-2097.6580599999998,660.9350861423912
2025-03-02,SS,-1590.92385,-1703.14621,0.0,112.22236000000021,-3621.20386,-1924.56441,-2490.73145,-2691.6021025,705.7673514089674
2025-03-09,SS,-4797.0721300000005,-4797.0721300000005,0.0,0.0,-1590.92385,-3621.20386,-2729.90869,-2466.6502025000004,906.1002207594046
2025-03-16,SS,-1225.2801,-1216.05346,0.0,-9.226639999999861,-4797.0721300000005,-1590.92385,-1924.56441,-2983.4410625,1500.702389682311
2025-03-23,SS,-1116.24803,-1116.24803,0.0,0.0,-1225.2801,-4797.0721300000005,-3621.20386,-2808.6199850000003,1693.5154320220877
2025-03-30,SS,-2243.68256,-3001.65088,0.0,757.96832,-1116.24803,-1225.2801,-1590.92385,-2182.3810275,1754.9086308683457
2025-04-06,SS,-1519.52138,-1572.08491,0.0,52.56353000000013,-2243.68256,-1116.24803,-4797.0721300000005,-2345.570705,1711.3859597598084
2025-04-13,SS,-1785.81562,-1775.86282,0.0,-9.952800000000025,-1519.52138,-2243.68256,-1225.2801,-1526.1830175,507.7529683611025
2025-04-20,SS,-1877.20842,-1897.7951,0.0,20.586680000000115,-1785.81562,-1519.52138,-1116.24803,-1666.3168974999999,473.200357799254
2025-04-27,SS,-1336.51229,-1380.86206,0.0,44.349770000000035,-1877.20842,-1785.81562,-2243.68256,-1856.556995,299.3827162381643
2025-05-04,SS,-2415.9511700000003,-2415.9511700000003,0.0,0.0,-1336.51229,-1877.20842,-1519.52138,-1629.7644275,247.47447664720414
2025-05-11,SS,-3047.9084000000003,-3226.59368,0.0,178.6852799999997,-2415.9511700000003,-1336.51229,-1785.81562,-1853.871875,443.00877426834955
2025-05-18,SS,-1879.31362,-1981.80397,0.0,102.49035000000003,-3047.9084000000003,-2415.9511700000003,-1877.20842,-2169.39507,732.9489170680441
2025-05-25,SS,-930.92724,-1602.84338,0.0,671.91614,-1879.31362,-3047.9084000000003,-1336.51229,-2169.92137,732.6698770757937
2025-06-01,SS,-3449.16177,-3680.66669,0.0,231.50491999999986,-930.92724,-1879.31362,-2415.9511700000003,-2068.5251075,896.2563617021842
2025-06-08,SS,-2530.23689,-2684.39887,0.0,154.16197999999986,-3449.16177,-930.92724,-3047.9084000000003,-2326.8277575,1144.3190240810916
2025-06-15,SS,-2140.53579,-2153.06135,0.0,12.525560000000041,-2530.23689,-3449.16177,-1879.31362,-2197.40988,1061.8882742158696
2025-06-22,SS,548.47827,-317.46315,0.0,865.9414199999999,-2140.53579,-2530.23689,-930.92724,-2262.7154225,1043.681033124894
2025-06-29,SS,-820.96059,-823.57175,0.0,2.611159999999927,548.47827,-2140.53579,-3449.16177,-1892.864045,1717.5370296507415
2025-07-06,SS,-3879.72897,-3881.57315,0.0,1.8441800000000512,-820.96059,548.47827,-2530.23689,-1235.8137500000003,1396.4066255961986
2025-07-13,SS,-2347.57261,-2400.69957,0.0,53.126960000000054,-3879.72897,-820.96059,-2140.53579,-1573.18677,1889.3851379669698
2025-07-20,SS,-436.42931,-464.26316,0.0,27.83385000000004,-2347.57261,-3879.72897,548.47827,-1624.945975,1912.7990882648055
2025-07-27,SS,-1806.40866,-2201.05886,0.0,394.65020000000004,-436.42931,-2347.57261,-820.96059,-1871.1728699999999,1572.968450112033
2025-08-03,SS,-2580.37897,-2591.9508100000003,0.0,11.571840000000066,-1806.40866,-436.42931,-3879.72897,-2117.5348875,1423.7463292678462
2025-08-10,SS,-1876.19059,-1944.18671,0.0,67.99612000000002,-2580.37897,-1806.40866,-2347.57261,-1792.6973875,960.5519047216636
2025-08-17,SS,-2848.9184,-2841.4592,0.0,-7.459200000000237,-1876.19059,-2580.37897,-436.42931,-1674.8518825,896.5701748176599
2025-08-24,SS,165.72635000000002,-164.90364999999997,0.0,330.63,-2848.9184,-1876.19059,-1806.40866,-2277.974155,516.7946246535844
2025-08-31,SS,-4338.4045,-4332.60122,0.0,-5.803280000000086,165.72635000000002,-2848.9184,-2580.37897,-1784.9404025,1363.5980675964413
2025-09-07,SS,-3262.10023,-3342.78051,0.0,80.68028000000004,-4338.4045,165.72635000000002,-1876.19059,-2224.446785,1887.9435029841636
2025-09-14,SS,-1136.7499,-1212.11178,0.0,75.36187999999993,-3262.10023,-4338.4045,-2848.9184,-2570.9241949999996,1929.4427454046247
2025-09-21,SS,-624.22349,-624.22349,0.0,0.0,-1136.7499,-3262.10023,165.72635000000002,-2142.88207,2034.2847072710595
2025-09-28,SS,-1920.65663,-1915.39319,0.0,-5.263439999999946,-624.22349,-1136.7499,-4338.4045,-2340.36953,1754.573895944959
2025-10-05,SS,-994.04599,-1246.17195,0.0,252.12595999999996,-1920.65663,-624.22349,-3262.10023,-1735.9325625000001,1148.655395865899
2025-10-12,SS,-3495.63006,-3660.86136,0.0,165.23129999999992,-994.04599,-1920.65663,-1136.7499,-1168.9190025,545.7160689080724
2025-10-19,SS,-1291.26988,-1291.26988,0.0,0.0,-3495.63006,-994.04599,-624.22349,-1758.6390425,1279.9594622773743
2025-10-26,SS,-1856.43861,-1850.43289,0.0,-6.005719999999883,-1291.26988,-3495.63006,-1920.65663,-1925.40064,1115.8234988741453
2025-11-02,SS,-598.98635,-610.2470800000001,0.0,11.26073000000008,-1856.43861,-1291.26988,-994.04599,-1909.3461349999998,1116.3763566926225
2025-02-02,TH,-9509.02181,-9512.89492,0.0,3.8731100000004517,-10154.31653,-7616.33397,-1700.65836,-7558.98046,4136.62811244385
2025-02-09,TH,-6881.1251600000005,-6782.07478,0.0,-99.05038000000059,-9509.02181,-10154.31653,-10764.61298,-9511.0713225,1363.2271661416476
2025-02-16,TH,-15730.71984,-15722.72873,0.0,-7.991109999999026,-6881.1251600000005,-9509.02181,-7616.33397,-8540.1993675,1543.809750590867
2025-02-23,TH,-10234.57567,-9716.9452,0.0,-517.6304700000001,-15730.71984,-6881.1251600000005,-10154.31653,-10568.795835,3721.079078214999
2025-03-02,TH,-13528.29473,-10685.49314,0.0,-2842.801589999999,-10234.57567,-15730.71984,-9509.02181,-10588.86062,3718.3144999232786
2025-03-09,TH,-8073.26729,-8074.54045,0.0,1.2731600000006438,-13528.29473,-10234.57567,-6881.1251600000005,-11593.67885,3869.2449948754884
2025-03-16,TH,-6058.25674,-6056.79216,0.0,-1.4645799999998417,-8073.26729,-13528.29473,-15730.71984,-11891.714382499998,3403.0870812261937
2025-03-23,TH,-8292.16082,-7602.39979,0.0,-689.7610299999988,-6058.25674,-8073.26729,-10234.57567,-9473.5986075,3196.098382201718
2025-03-30,TH,-14690.48488,-15253.44764,0.0,562.9627600000003,-8292.16082,-6058.25674,-13528.29473,-8987.994895,3189.4931624446726
2025-04-06,TH,-4710.80735,-4716.86566,0.0,6.058310000000347,-14690.48488,-8292.16082,-8073.26729,-9278.542432499999,3745.4415783713666
2025-04-13,TH,-8147.42818,-8375.680620000001,0.0,228.25244000000112,-4710.80735,-14690.48488,-6058.25674,-8437.9274475,4422.291233200487
2025-04-20,TH,-6527.90957,-6522.3909,0.0,-5.518669999999474,-8147.42818,-4710.80735,-8292.16082,-8960.2203075,4163.3470940091065
2025-04-27,TH,-8453.22866,-6790.7037199999995,0.0,-1662.5249400000012,-6527.90957,-8147.42818,-14690.48488,-8519.157495,4347.108751887842
2025-05-04,TH,-5752.68819,-4739.66184,0.0,-1013.0263500000001,-8453.22866,-6527.90957,-4710.80735,-6959.843440000001,1720.977157718928
2025-05-11,TH,-16859.95738,-16768.92368,0.0,-91.03369999999995,-5752.68819,-8453.22866,-8147.42818,-7220.31365,1292.6676131758518
2025-05-18,TH,-7707.60358,-6527.2762,0.0,-1180.3273799999997,-16859.95738,-5752.68819,-6527.90957,-9398.44595,5102.25823529279
2025-05-25,TH,-13917.95848,-13912.68262,0.0,-5.275859999999739,-7707.60358,-16859.95738,-8453.22866,-9693.369452500001,4911.556665010105
2025-06-01,TH,-7480.86602,-7475.94064,0.0,-4.925380000000587,-13917.95848,-7707.60358,-5752.68819,-11059.551907500001,5202.997593870516
2025-06-08,TH,-8225.59077,-8644.38551,0.0,418.79473999999936,-7480.86602,-13917.95848,-16859.95738,-11491.596365,4658.722729021872
2025-06-15,TH,-13014.0126,-12246.03339,0.0,-767.9792099999995,-8225.59077,-7480.86602,-7707.60358,-9333.0047125,3072.4861414357224
2025-06-22,TH,-15457.29279,-14590.88895,0.0,-866.403839999999,-13014.0126,-8225.59077,-13917.95848,-10659.6069675,3275.6123764554477
2025-06-29,TH,-7925.67916,-7940.40468,0.0,14.72551999999996,-15457.29279,-13014.0126,-7480.86602,-11044.440545,3829.597736285322
2025-07-06,TH,-8806.41735,-8687.83674,0.0,-118.58060999999907,-7925.67916,-15457.29279,-8225.59077,-11155.643829999999,3695.7453449538416
2025-07-13,TH,-10514.58037,-10514.45361,0.0,-0.1267599999991944,-8806.41735,-7925.67916,-13014.0126,-11300.850475,3550.8175211329003
2025-07-20,TH,-8653.54365,-8893.68859,0.0,240.14494000000013,-10514.58037,-8806.41735,-15457.29279,-10675.9924175,3363.8480469319998
2025-07-27,TH,-18022.61075,-18016.19193,0.0,-6.418819999998959,-8653.54365,-10514.58037,-7925.67916,-8975.0551325,1095.9221723622575
2025-08-03,TH,-3342.15193,-3354.08773,0.0,11.9358000000002,-18022.61075,-8653.54365,-8806.41735,-11499.28803,4429.943643751244
2025-08-10,TH,-18219.8901,-17789.38247,0.0,-430.50763000000006,-3342.15193,-18022.61075,-10514.58037,-10133.221674999999,6074.426441239912
2025-08-17,TH,-8994.80644,-9250.55843,0.0,255.75198999999884,-18219.8901,-3342.15193,-8653.54365,-12059.549107499999,7328.069141389052
2025-08-24,TH,-12416.87989,-13342.72221,0.0,925.8423199999997,-8994.80644,-18219.8901,-18022.61075,-12144.864805000001,7277.0060554106785
2025-08-31,TH,-10348.67385,-10682.14289,0.0,333.46903999999995,-12416.87989,-8994.80644,-3342.15193,-10743.43209,6232.562115889568
2025-09-07,TH,-15225.62937,-14664.02782,0.0,-561.6015500000012,-10348.67385,-12416.87989,-18219.8901,-12495.06257,4067.6996075850907
2025-09-14,TH,-5253.51788,-5247.20499,0.0,-6.312890000000152,-15225.62937,-10348.67385,-8994.80644,-11746.4973875,2712.900401406523
2025-09-21,TH,-10020.01689,-9462.62826,0.0,-557.3886300000013,-5253.51788,-15225.62937,-12416.87989,-10811.1752475,4209.796335367457
2025-09-28,TH,-11350.84923,-11355.82407,0.0,4.974840000000768,-10020.01689,-5253.51788,-10348.67385,-10211.9594975,4073.432690140819
2025-10-05,TH,-9703.31745,-9724.52164,0.0,21.20419000000038,-11350.84923,-10020.01689,-15225.62937,-10462.5033425,4115.250165699468
2025-10-12,TH,-10513.36494,-8697.94141,0.0,-1815.42353,-9703.31745,-11350.84923,-5253.51788,-9081.9253625,2650.2115141341746
2025-10-19,TH,-9610.53075,-9606.85634,0.0,-3.674409999999625,-10513.36494,-9703.31745,-10020.01689,-10396.8871275,718.0252658673861
2025-10-26,TH,-12905.0041,-12910.93097,0.0,5.926869999999326,-9610.53075,-10513.36494,-11350.84923,-10294.5155925,812.6266668609031
2025-11-02,TH,-5717.82795,-5762.3207600000005,0.0,44.492810000000645,-12905.0041,-9610.53075,-9703.31745,-10683.05431,1535.8001663812258
2025-02-02,TW,-27522.6543,-26964.41697,-623.13,64.89267000000109,0.0,-34586.17216,-13018.53254,-17339.7011625,14563.257570470198
2025-02-09,TW,-26483.58804,-26474.8194,0.0,-8.768639999998413,-27522.6543,0.0,-21754.09995,-20965.7316025,14929.758454406741
2025-02-16,TW,-26264.90038,-26625.81038,0.0,360.90999999999985,-26483.58804,-27522.6543,-34586.17216,-22148.103625,15197.87554381583
2025-02-23,TW,-40211.07166,-40240.09606,0.0,29.02440000000206,-26264.90038,-26483.58804,0.0,-20067.78568,13389.770209223298
2025-03-02,TW,-28003.15239,-28163.05316,0.0,159.9007700000002,-40211.07166,-26264.90038,-27522.6543,-30120.553594999998,6749.350974467816
2025-03-09,TW,-26815.61701,-26976.10636,0.0,160.48934999999983,-28003.15239,-40211.07166,-26483.58804,-30240.6781175,6691.731296707389
2025-03-16,TW,-9602.84819,-10450.39819,0.0,847.5499999999993,-26815.61701,-28003.15239,-26264.90038,-30323.68536,6631.378945901318
2025-03-23,TW,-17754.62148,-17381.065,-386.47,12.913519999998243,-9602.84819,-26815.61701,-40211.07166,-26158.172312500003,12588.340132686793
2025-03-30,TW,-23077.02426,-23911.00346,0.0,833.9792000000016,-17754.62148,-9602.84819,-28003.15239,-20544.059767500003,8611.263355636398
2025-04-06,TW,-29846.43817,-29857.84677,0.0,11.408599999998842,-23077.02426,-17754.62148,-26815.61701,-19312.527735,7464.867302265912
2025-04-13,TW,-10661.47113,-10641.41404,0.0,-20.057090000000244,-29846.43817,-23077.02426,-9602.84819,-20070.233025,8554.592970627382
2025-04-20,TW,-22949.754,-22954.90138,0.0,5.14737999999852,-10661.47113,-29846.43817,-17754.62148,-20334.88876,8128.5846894332235
2025-04-27,TW,-23707.85234,-23705.26225,0.0,-2.59009000000151,-22949.754,-10661.47113,-23077.02426,-21633.671889999998,7992.789618814696
2025-05-04,TW,-12452.05382,-13188.96235,0.0,736.9085300000006,-23707.85234,-22949.754,-29846.43817,-21791.37891,8036.863611518374
2025-05-11,TW,-23857.63826,-23835.32184,0.0,-22.316419999999198,-12452.05382,-23707.85234,-10661.47113,-17442.7828225,6842.791629546013
2025-05-18,TW,-29871.23485,-30788.06199,0.0,916.8271399999976,-23857.63826,-12452.05382,-22949.754,-20741.824605,5540.784154450161
2025-05-25,TW,-25677.46705,-25901.91273,-462.95,687.3956800000014,-29871.23485,-23857.63826,-23707.85234,-22472.1948175,7270.83952185245
2025-06-01,TW,-18339.55305,-18471.75172,0.0,132.19867000000158,-25677.46705,-29871.23485,-12452.05382,-22964.598495,7446.976950473646
2025-06-08,TW,-20509.23074,-20868.71445,0.0,359.4837100000004,-18339.55305,-25677.46705,-23857.63826,-24436.4733025,4781.359120978366
2025-06-15,TW,-17777.28903,-18766.66053,0.0,989.3715000000011,-20509.23074,-18339.55305,-29871.23485,-23599.3714225,5191.962090243485
2025-06-22,TW,-37151.37966,-37340.13966,-286.97,475.7300000000032,-17777.28903,-20509.23074,-25677.46705,-20575.8849675,3599.2546541911115
2025-06-29,TW,-16757.70842,-16923.29456,0.0,165.58613999999943,-37151.37966,-17777.28903,-18339.55305,-23444.36312,9213.615271402796
2025-07-06,TW,-23925.81657,-24364.1503,0.0,438.3337300000021,-16757.70842,-37151.37966,-20509.23074,-23048.9019625,9534.128630454807
2025-07-13,TW,-21328.91511,-22637.47514,0.0,1308.560029999997,-23925.81657,-16757.70842,-17777.28903,-23903.04842,9382.601111511087
2025-07-20,TW,-19258.18506,-19723.93644,0.0,465.7513800000015,-21328.91511,-23925.81657,-37151.37966,-24790.95494,8756.851281399258
2025-07-27,TW,-39126.1641,-39987.23511,-171.41,1032.4810100000032,-19258.18506,-21328.91511,-16757.70842,-20317.656290000003,3046.154577578776
2025-08-03,TW,-20973.36801,-21034.38367,0.0,61.015660000000935,-39126.1641,-19258.18506,-23925.81657,-25909.770210000002,9015.485898463725
2025-08-10,TW,-38570.17021,-38558.37684,0.0,-11.793369999999413,-20973.36801,-39126.1641,-21328.91511,-25171.658070000005,9346.830380149
2025-08-17,TW,-19623.3302,-19623.9166,0.0,0.5864000000001397,-38570.17021,-20973.36801,-19258.18506,-29481.971845,10840.171419602606
2025-08-24,TW,-26411.09236,-26085.49468,-851.61,526.0123200000016,-19623.3302,-38570.17021,-39126.1641,-29573.258130000002,10726.316785289951
2025-08-31,TW,-24296.93032,-24860.96432,0.0,564.0339999999997,-26411.09236,-19623.3302,-20973.36801,-26394.490195,8631.041514636581
2025-09-07,TW,-34162.63186,-35774.92579,0.0,1612.2939299999998,-24296.93032,-26411.09236,-38570.17021,-27225.380772499997,8077.4234332394635
2025-09-14,TW,-17700.3915,-17729.727,0.0,29.33549999999741,-34162.63186,-24296.93032,-19623.3302,-26123.496184999996,6063.522481546689
2025-09-21,TW,-24334.77566,-24302.70758,-32.06808,0.0,-17700.3915,-34162.63186,-26411.09236,-25642.76151,6784.075128406595
2025-09-28,TW,-27888.18042,-27955.18618,0.0,67.00576000000001,-24334.77566,-17700.3915,-24296.93032,-25123.682335,6785.124611301272
2025-10-05,TW,-15579.69849,-15552.31594,0.0,-27.382550000000265,-27888.18042,-24334.77566,-34162.63186,-26021.49486,6876.24920578395
2025-10-12,TW,-28847.53228,-28881.26226,0.0,33.72998000000007,-15579.69849,-27888.18042,-17700.3915,-21375.761517500003,5723.345642816649
2025-10-19,TW,-18814.88896,-18959.44476,0.0,144.55579999999827,-28847.53228,-15579.69849,-24334.77566,-24162.5467125,6042.195591862607
2025-10-26,TW,-37864.38998,-37090.6795,-756.82,-16.890480000001844,-18814.88896,-28847.53228,-27888.18042,-22782.5750375,6594.818067828687
2025-11-02,TW,-13459.59754,-13471.3321,0.0,11.734559999998964,-37864.38998,-18814.88896,-15579.69849,-25276.627427500003,10115.790006799984
2025-02-02,VN,-12704.27439,-12814.29531,0.0,110.02091999999902,0.0,-25529.98346,-10354.93683,-10520.299715000001,10873.38978062942
2025-02-09,VN,-14172.81933,-14165.4205,0.0,-7.398830000000089,-12704.27439,0.0,-6196.2785699999995,-11107.634105000001,10924.809223644565
2025-02-16,VN,-7724.5916,-8293.77613,0.0,569.1845300000004,-14172.81933,-12704.27439,-25529.98346,-13101.769295,10447.041309504586
2025-02-23,VN,-9011.26726,-11422.57988,2339.13806,72.17455999999947,-7724.5916,-14172.81933,0.0,-8650.421330000001,6393.1618202041
2025-03-02,VN,-10863.91066,-12260.59955,1206.43018,190.25871000000188,-9011.26726,-7724.5916,-12704.27439,-10903.238145,3034.09735994292
2025-03-09,VN,-12921.6936,-12907.68852,0.0,-14.005080000000817,-10863.91066,-9011.26726,-14172.81933,-10443.1472125,2800.495241883457
2025-03-16,VN,-6443.53296,-6469.07846,0.0,25.545500000000175,-12921.6936,-10863.91066,-7724.5916,-10130.36578,2263.4582679534874
2025-03-23,VN,-17066.47297,-17062.47794,0.0,-3.9950299999982235,-6443.53296,-12921.6936,-9011.26726,-9810.10112,2754.659024271173
2025-03-30,VN,-14836.98424,-14813.65135,0.0,-23.33288999999968,-17066.47297,-6443.53296,-10863.91066,-11823.9025475,4418.131247182137
2025-04-06,VN,-4217.05457,-4309.54486,0.0,92.49028999999973,-14836.98424,-17066.47297,-12921.6936,-12817.170942499999,4574.217586850998
2025-04-13,VN,-4641.83057,-4727.52071,0.0,85.6901399999997,-4217.05457,-14836.98424,-6443.53296,-10641.011185,6265.747922090195
2025-04-20,VN,-13665.41275,-13840.86063,0.0,175.4478799999997,-4641.83057,-4217.05457,-17066.47297,-10190.585587500002,6716.611318118746
2025-04-27,VN,-11806.8366,-13814.09991,0.0,2007.2633100000003,-13665.41275,-4641.83057,-14836.98424,-9340.3205325,5693.370315652262
2025-05-04,VN,-10246.10675,-10313.82192,0.0,67.71516999999949,-11806.8366,-13665.41275,-4217.05457,-8582.783622500001,4858.612201417523
2025-05-11,VN,-11946.58661,-12057.11994,0.0,110.5333300000002,-10246.10675,-11806.8366,-4641.83057,-10090.0466675,3891.787236846021
2025-05-18,VN,-10860.75731,-11603.92474,0.0,743.1674299999995,-11946.58661,-10246.10675,-13665.41275,-11916.2356775,1397.8364714435609
2025-05-25,VN,-14451.12942,-16125.12704,0.0,1673.99762,-10860.75731,-11946.58661,-11806.8366,-11215.0718175,806.1702718644033
2025-06-01,VN,-4012.10277,-5577.0256,-7.54464,1572.46747,-14451.12942,-10860.75731,-10246.10675,-11876.1450225,1855.0421056433047
2025-06-08,VN,-18641.22647,-18625.16223,0.0,-16.0642399999997,-4012.10277,-14451.12942,-11946.58661,-10317.6440275,4464.451366620361
2025-06-15,VN,-11539.81357,-12507.59258,0.0,967.7790100000002,-18641.22647,-4012.10277,-10860.75731,-11991.303992500001,6197.257405255771
2025-06-22,VN,-14558.92358,-15149.42093,0.0,590.4973499999996,-11539.81357,-18641.22647,-14451.12942,-12161.0680575,6165.182519337354
2025-06-29,VN,-9033.6741,-9006.02291,0.0,-27.651190000000497,-14558.92358,-11539.81357,-4012.10277,-12188.016597500002,6178.749918275393
2025-07-06,VN,-8563.19116,-8629.56123,0.0,66.37006999999903,-9033.6741,-14558.92358,-18641.22647,-13443.40943,4136.468569485482
2025-07-13,VN,-14942.90875,-15415.33814,0.0,472.42938999999933,-8563.19116,-9033.6741,-11539.81357,-10923.9006025,2753.0980206033128
2025-07-20,VN,-10681.44423,-10689.75309,0.0,8.308860000001005,-14942.90875,-8563.19116,-14558.92358,-11774.6743975,3445.599107956482
2025-07-27,VN,-15391.85349,-15423.12977,0.0,31.276280000000042,-10681.44423,-14942.90875,-9033.6741,-10805.30456,2904.0693747287683
2025-08-03,VN,-12306.70358,-12516.91509,0.0,210.211510000001,-15391.85349,-10681.44423,-8563.19116,-12394.849407499998,3321.2448525285254
2025-08-10,VN,-7638.56811,-7641.59006,0.0,3.021950000000288,-12306.70358,-15391.85349,-14942.90875,-13330.7275125,2229.7006946328743
2025-08-17,VN,-19094.15989,-19138.77153,0.0,44.61164000000281,-7638.56811,-12306.70358,-10681.44423,-11504.6423525,3234.0839938367026
2025-08-24,VN,-12814.2432,-12851.0548,0.0,36.81159999999909,-19094.15989,-7638.56811,-15391.85349,-13607.8212675,4851.376881762619
2025-08-31,VN,-18053.97041,-18197.9465,0.0,143.97608999999647,-12814.2432,-19094.15989,-12306.70358,-12963.418695,4704.37914512364
2025-09-07,VN,-7463.02643,-7521.38505,0.0,58.35861999999997,-18053.97041,-12814.2432,-7638.56811,-14400.235402500002,5279.464064979767
2025-09-14,VN,-15382.22509,-16166.32638,0.0,784.1012900000005,-7463.02643,-18053.97041,-19094.15989,-14356.349982500002,5354.600591191153
2025-09-21,VN,-14041.67811,-14027.68908,0.0,-13.98903000000064,-15382.22509,-7463.02643,-12814.2432,-13428.366282500001,4515.757762187657
2025-09-28,VN,-7602.51355,-7583.65412,0.0,-18.85942999999952,-14041.67811,-15382.22509,-18053.97041,-13735.22501,4501.798145296856
2025-10-05,VN,-14719.17205,-14722.43601,0.0,3.2639600000002247,-7602.51355,-14041.67811,-7463.02643,-11122.360794999999,4181.264163722047
2025-10-12,VN,-13568.62369,-13887.71538,0.0,319.0916899999993,-14719.17205,-7602.51355,-15382.22509,-12936.3972,3597.7919578097703
2025-10-19,VN,-15673.3025,-18291.2796,0.0,2617.977100000002,-13568.62369,-14719.17205,-14041.67811,-12482.99685,3287.738314438331
2025-10-26,VN,-21355.37938,-21951.95723,0.0,596.5778500000015,-15673.3025,-13568.62369,-7602.51355,-12890.902947499999,3629.080829691975
2025-11-02,VN,-5891.50573,-7621.78238,0.0,1730.2766499999998,-21355.37938,-15673.3025,-14719.17205,-16329.119405,3459.559327793799
