Country,Week_Ending_Date,Net_Cash_Flow,Anomaly_Score,Anomaly_Flag,Roll_Mean_4w,Roll_Std_4w
KR,2025-09-28,-26928.18279,-0.6688623277795519,-1,-11370.8128,1815.7574521163208
VN,2025-11-02,-5891.50573,-0.6393945429690369,-1,-16329.119405,3459.559327793799
ID,2025-06-29,-21986.55344,-0.6392641923270913,-1,-8740.294742499998,5832.097728157439
MY,2025-04-20,-14611.68507,-0.623224598777586,-1,-6039.110995,1932.0049293425395
TW,2025-03-16,-9602.84819,-0.6214222865674294,-1,-30323.68536,6631.378945901318
TW,2025-02-23,-40211.07166,-0.6203898489141715,-1,-20067.78568,13389.770209223298
SS,2025-03-09,-4797.0721300000005,-0.6114059852726668,-1,-2466.6502025000004,906.1002207594046
TH,2025-05-04,-5752.68819,-0.608281535925573,-1,-6959.843440000001,1720.977157718928
TW,2025-02-02,-27522.6543,-0.6029870376420732,1,-17339.7011625,14563.257570470198
TH,2025-08-24,-12416.87989,-0.599772820997776,-1,-12144.864805,7277.0060554106785
MY,2025-04-27,-2972.08771,-0.5992234780548342,-1,-7929.36882,4808.722562414545
TH,2025-08-10,-18219.8901,-0.5989705602586041,1,-10133.221675,6074.426441239912
ID,2025-06-22,-4769.29392,-0.5945957570652238,-1,-9125.2887725,5525.342936315188
PH,2025-10-05,-15955.67696,-0.5886550023977402,-1,-14010.442695000002,5290.104994850699
TH,2025-05-11,-16859.95738,-0.5863635468164152,1,-7220.31365,1292.6676131758518
MY,2025-04-13,-3499.66362,-0.5862763759330295,1,-6948.285285,939.273070502177
MY,2025-08-17,-13993.14626,-0.5848584032796722,1,-8394.353485,627.3117213421768
ID,2025-07-06,-7373.93089,-0.5822628570117175,1,-11247.341767499998,8981.580107840944
PH,2025-09-28,-10364.69682,-0.5819071951589633,-1,-15705.7711625,4795.810733857835
TW,2025-07-27,-39126.1641,-0.581204160531195,1,-20317.656290000003,3046.154577578776
PH,2025-09-14,-21643.01659,-0.5802388893599071,1,-13484.4091625,3220.6602754650125
PH,2025-03-30,-5618.76946,-0.5792319062514679,1,-12381.7333475,1841.1155685738156
VN,2025-02-16,-7724.5916,-0.5784036226598429,-1,-13101.769295,10447.041309504586
ID,2025-06-15,-15266.22381,-0.5770234660516523,1,-7799.514862499998,3981.1401035015806
TH,2025-07-27,-18022.61075,-0.5766710668592119,1,-8975.0551325,1095.9221723622577
SS,2025-10-12,-3495.63006,-0.5762639811869643,-1,-1168.9190025,545.7160689080724
PH,2025-06-01,-18860.63599,-0.5757666847300494,1,-13120.26905,1326.8428441688625
SS,2025-07-06,-3879.72897,-0.5748651454130915,1,-1235.8137500000005,1396.4066255961986
SS,2025-03-16,-1225.2801,-0.5748536650691034,1,-2983.4410625,1500.702389682311
TH,2025-08-17,-8994.80644,-0.5693255413928612,1,-12059.5491075,7328.069141389052
MY,2025-05-04,-11668.55911,-0.5680516520705279,1,-7254.394217499999,5386.029290056746
ID,2025-10-26,-18561.71174,-0.564491514254344,1,-13768.233369999998,571.5760440862343
KR,2025-02-02,-1283.95395,-0.5643045619288528,-1,-14449.393305,2870.986452565685
MY,2025-09-14,-9168.11213,-0.5609500609916315,1,-11296.333019999998,2453.9433442397576
KR,2025-02-16,-21669.60356,-0.560771434622278,1,-9957.3811675,6077.398136047522
PH,2025-09-21,-10523.61205,-0.5600441113173923,1,-15401.1006475,5251.796516190785
TW,2025-08-24,-26411.09236,-0.5591741670971256,1,-29573.25813,10726.316785289951
ID,2025-11-02,-9379.78894,-0.5590213656090783,1,-15016.445327499998,2428.006854823727
MY,2025-05-11,-6674.09096,-0.5589083641881786,1,-8187.9988775,5847.057967495118
TH,2025-09-07,-15225.62937,-0.5573708774742454,1,-12495.06257,4067.6996075850902
KR,2025-11-02,-935.63669,-0.5560308729865545,1,-15251.654725,9320.38311814966
SS,2025-08-24,165.72635000000002,-0.5547906568843916,1,-2277.974155,516.7946246535844
TW,2025-08-17,-19623.3302,-0.5543797014309184,1,-29481.971845,10840.171419602606
SS,2025-06-22,548.47827,-0.5543311364686966,1,-2262.7154225,1043.681033124894
MY,2025-02-02,-10276.63771,-0.5540052092576605,1,-5293.637735,2042.5836134031829
PH,2025-10-12,-8338.76997,-0.5532640309061463,1,-14621.750605,5353.963706048129
VN,2025-10-26,-21355.37938,-0.5514301144343949,1,-12890.9029475,3629.080829691975
ID,2025-06-08,-2967.2959,-0.5480683755419317,1,-10953.2884375,3872.384577112391
PH,2025-04-13,-8578.83629,-0.5474429635013429,1,-10291.003615,4330.262044993528
TW,2025-04-13,-10661.47113,-0.546395113129894,1,-20070.233025,8554.592970627382
ID,2025-03-23,-21413.53028,-0.5456516856655181,1,-11001.8668025,3454.6368024161716
KR,2025-10-26,-20502.86977,-0.5430628791563616,1,-16857.98298,10940.041297300484
TH,2025-08-03,-3342.15193,-0.5422658399447974,1,-11499.28803,4429.943643751244
MY,2025-05-18,-7927.57706,-0.5419977813113013,1,-8981.605712499999,5175.469160293945
KR,2025-07-20,-15274.98603,-0.5409401619033208,1,-18212.0294825,8176.381989746896
SS,2025-03-02,-1590.92385,-0.5407114153397429,1,-2691.6021025,705.7673514089674
VN,2025-06-01,-4012.10277,-0.5397356110055394,1,-11876.1450225,1855.0421056433047
TW,2025-06-22,-37151.37966,-0.5393659660463761,1,-20575.8849675,3599.2546541911115
VN,2025-02-09,-14172.81933,-0.5355593365978885,1,-11107.634105,10924.809223644565
TW,2025-08-10,-38570.17021,-0.5349307774053799,1,-25171.658070000005,9346.830380149
SS,2025-09-14,-1136.7499,-0.5328756789442298,1,-2570.9241949999996,1929.4427454046247
SS,2025-07-20,-436.42931,-0.5321427008968094,1,-1624.945975,1912.7990882648055
VN,2025-02-02,-12704.27439,-0.5297778628117198,1,-10520.299715,10873.38978062942
SS,2025-08-31,-4338.4045,-0.5284679920826592,1,-1784.9404025,1363.5980675964413
TW,2025-02-16,-26264.90038,-0.5275782067549974,1,-22148.103625,15197.87554381583
ID,2025-07-20,-14346.15242,-0.5270338718289118,1,-11614.829229999998,7592.321671324629
PH,2025-04-27,-10199.87751,-0.5270236449386685,1,-8915.7244825,3525.3415823693877
ID,2025-07-13,-12329.53867,-0.5264743016894315,1,-12349.000515,7822.9552807736045
MY,2025-09-07,-12573.39994,-0.5261433334138453,1,-10371.3373575,2508.828851885789
TW,2025-03-23,-17754.62148,-0.5246989213130903,1,-26158.172312500003,12588.340132686792
ID,2025-09-14,-18550.45452,-0.5236882114556604,1,-12452.2716825,1289.023071347979
VN,2025-04-13,-4641.83057,-0.5236465047265504,1,-10641.011185,6265.747922090195
SS,2025-03-23,-1116.24803,-0.5221332102175132,1,-2808.6199850000003,1693.5154320220877
TW,2025-05-11,-23857.63826,-0.5219721234485953,1,-17442.7828225,6842.791629546013
VN,2025-02-23,-9011.26726,-0.5206441854084384,1,-8650.421330000001,6393.1618202041
TW,2025-09-07,-34162.63186,-0.5196162162735035,1,-27225.380772499997,8077.423433239464
VN,2025-05-04,-10246.10675,-0.5180011153604865,1,-8582.783622500001,4858.612201417523
PH,2025-04-20,-13870.98048,-0.5175877864755293,1,-8936.109250000001,3563.574058600747
TH,2025-10-26,-12905.0041,-0.5174093003035197,1,-10294.5155925,812.6266668609031
SS,2025-09-21,-624.22349,-0.5169446755471176,1,-2142.88207,2034.2847072710597
VN,2025-09-14,-15382.22509,-0.5163195264478888,1,-14356.349982500002,5354.600591191153
PH,2025-04-06,-7594.3117,-0.5161658862290087,1,-11073.493115,3946.302956797178
SS,2025-07-13,-2347.57261,-0.5158481627557037,1,-1573.18677,1889.3851379669695
SS,2025-09-07,-3262.10023,-0.5154141707491178,1,-2224.446785,1887.9435029841636
KR,2025-05-25,-23645.74288,-0.5153205716547443,1,-13732.359035,3016.324411063735
TH,2025-10-19,-9610.53075,-0.5143342037436986,1,-10396.8871275,718.0252658673861
TH,2025-02-16,-15730.71984,-0.514191306279851,1,-8540.1993675,1543.809750590867
KR,2025-09-14,-12896.21155,-0.513799681842565,1,-10863.5644975,4328.628285506235
KR,2025-07-06,-6205.94025,-0.5133756341360928,1,-17718.8827175,5378.030451846968
MY,2025-09-21,-6678.87932,-0.5118042383679418,1,-10090.0744875,1779.6814065531212
KR,2025-10-19,-18209.94343,-0.5114401379705193,1,-15321.730515,11116.935276165868
KR,2025-08-03,-3024.29453,-0.5105509142908387,1,-16128.0425025,7286.033370189877
KR,2025-03-23,-22434.82644,-0.5092856380094887,1,-15658.9695975,4282.475243045807
VN,2025-09-07,-7463.02643,-0.5084677312769356,1,-14400.235402500002,5279.464064979767
SS,2025-05-04,-2415.9511700000003,-0.5080162762821512,1,-1629.7644275,247.47447664720417
TW,2025-02-09,-26483.58804,-0.507499974497632,1,-20965.7316025,14929.75845440674
TH,2025-09-14,-5253.51788,-0.506856099091811,1,-11746.4973875,2712.900401406523
PH,2025-05-18,-15044.77139,-0.5062450531348751,1,-12138.61812,1504.1547035360918
TW,2025-10-26,-37864.38998,-0.5057221759730464,1,-22782.5750375,6594.818067828687
TW,2025-03-02,-28003.15239,-0.5051884000741111,1,-30120.553595,6749.350974467816
TW,2025-03-09,-26815.61701,-0.5047184004655,1,-30240.6781175,6691.731296707389
SS,2025-04-27,-1336.51229,-0.5046542911533021,1,-1856.556995,299.3827162381643
KR,2025-03-16,-13599.32509,-0.5043091005967472,1,-17676.539215,4851.873147213277
KR,2025-06-29,-24086.88812,-0.504096833658001,1,-12115.65094,7704.388987388348
VN,2025-05-25,-14451.12942,-0.502510591309529,1,-11215.0718175,806.1702718644033
TH,2025-08-31,-10348.67385,-0.5020900404145252,1,-10743.43209,6232.562115889568
VN,2025-03-16,-6443.53296,-0.5017248587036255,1,-10130.36578,2263.4582679534874
TH,2025-11-02,-5717.82795,-0.50078006807934,1,-10683.05431,1535.8001663812258
VN,2025-04-06,-4217.05457,-0.4999721449573526,1,-12817.1709425,4574.217586850998
KR,2025-10-05,-1385.14284,-0.49965282593850685,1,-15157.663215,8049.713619886416
PH,2025-07-27,-17485.39218,-0.4984365747434814,1,-10405.09175,2897.350332446754
TH,2025-02-02,-9509.02181,-0.49563147937038776,1,-7558.98046,4136.62811244385
TW,2025-11-02,-13459.59754,-0.49520413114456513,1,-25276.627427500003,10115.790006799984
KR,2025-03-09,-11161.03798,-0.4941918119137468,1,-17450.5504875,5260.364646245583
KR,2025-06-01,-1673.96101,-0.4938133221466524,1,-15081.27405,5712.025415685735
PH,2025-06-29,-6667.9723699999995,-0.4931260141385022,1,-14273.10873,3328.323655325378
TW,2025-05-04,-12452.05382,-0.49204359717274443,1,-21791.37891,8036.863611518374
MY,2025-11-02,-5634.97732,-0.49074177753038434,1,-9431.00197,1413.1448240361751
ID,2025-05-25,-6309.27004,-0.4889003227038708,1,-10781.954547499998,3268.907198569349
KR,2025-07-13,-22523.34345,-0.48869420754687726,1,-16241.38537,7728.570416465564
TH,2025-02-09,-6881.1251600000005,-0.48799776520645577,1,-9511.0713225,1363.2271661416476
PH,2025-02-02,-10750.76254,-0.4866647338396631,1,-10111.951935,1855.8917638576495
MY,2025-06-08,-11904.28545,-0.4865872912775753,1,-7012.2556075,1143.995900348132
ID,2025-07-27,-16552.442469999998,-0.4846582052815371,1,-14009.043854999996,6071.786203090385
KR,2025-10-12,-20908.66286,-0.4845664542430616,1,-13318.6176875,10478.203329238122
MY,2025-04-06,-7934.14047,-0.4837986743334281,1,-6924.6047725,906.7646616269396
TH,2025-04-06,-4710.80735,-0.48349985542068663,1,-9278.5424325,3745.441578371366
VN,2025-08-10,-7638.56811,-0.4820767768980827,1,-13330.7275125,2229.7006946328743
VN,2025-05-18,-10860.75731,-0.48179323048415107,1,-11916.2356775,1397.8364714435609
TH,2025-05-25,-13917.95848,-0.480983464754355,1,-9693.3694525,4911.556665010105
PH,2025-08-24,-9304.92999,-0.478706675058784,1,-14452.62272,2670.167495228954
KR,2025-07-27,-20507.90028,-0.47808258445833823,1,-17022.789462499997,8169.38650770701
KR,2025-05-18,-12049.74133,-0.47754217448587793,1,-14473.1629025,2823.0129101410216
PH,2025-11-02,-8459.64974,-0.47673618547010393,1,-13269.9871625,4010.606569537704
VN,2025-03-23,-17066.47297,-0.4766518422046132,1,-9810.10112,2754.659024271173
KR,2025-02-09,-10257.08307,-0.47647830988871265,1,-11946.4844825,7372.285775506943
KR,2025-08-17,-6459.08877,-0.4763185536377159,1,-14412.0358725,7899.37320579076
KR,2025-08-31,-11780.78113,-0.4760635526583528,1,-11199.3522725,7648.701472403586
ID,2025-10-19,-13300.84675,-0.47571830097921125,1,-13292.647352499998,1350.6223963944203
PH,2025-02-09,-12388.54075,-0.4744973009394456,1,-10023.0711725,1800.0725105106603
ID,2025-02-23,-7069.00291,-0.47336892109933615,1,-14117.750659999998,4965.7534378740875
VN,2025-08-17,-19094.15989,-0.473335654848771,1,-11504.6423525,3234.0839938367026
VN,2025-06-08,-18641.22647,-0.472387669843376,1,-10317.6440275,4464.451366620361
TW,2025-06-08,-20509.23074,-0.4711106941574806,1,-24436.4733025,4781.359120978366
VN,2025-04-27,-11806.8366,-0.4710759369616287,1,-9340.3205325,5693.370315652262
ID,2025-03-09,-11743.40561,-0.4695952767267133,1,-14771.800305,5359.432576238831
TH,2025-03-16,-6058.25674,-0.46871261455053387,1,-11891.714382499998,3403.0870812261937
SS,2025-05-11,-3047.9084000000003,-0.4682529314348223,1,-1853.871875,443.0087742683495
TH,2025-06-01,-7480.86602,-0.4681076933118926,1,-11059.5519075,5202.997593870516
TW,2025-04-06,-29846.43817,-0.4671052926421235,1,-19312.527735,7464.867302265912
KR,2025-09-21,-12064.93357,-0.46701665622712724,1,-12472.8451925,3192.9181369062903
MY,2025-02-16,-4436.73129,-0.46569535976343435,1,-7874.070405,2860.62297550076
KR,2025-03-30,-8745.29958,-0.4635103970872759,1,-16001.6014625,4873.186721198065
PH,2025-06-08,-11597.09519,-0.4630548755004738,1,-14760.885429999998,2988.3671073389455
VN,2025-08-31,-18053.97041,-0.4630419609897113,1,-12963.418695,4704.37914512364
SS,2025-04-13,-1785.81562,-0.46085318971112926,1,-1526.1830175,507.7529683611025
KR,2025-02-23,-21064.29898,-0.4607144562065356,1,-11954.1693525,8527.517449302604
ID,2025-06-01,-11958.36534,-0.4602734467941778,1,-10275.5017825,3875.091493174534
SS,2025-06-29,-820.96059,-0.46022408161598893,1,-1892.864045,1717.5370296507415
KR,2025-04-27,-18250.08282,-0.45941739060243103,1,-12201.0100375,4743.078070144063
ID,2025-02-16,-19014.71557,-0.4592856464414633,1,-13798.436012499998,4571.297509246122
KR,2025-06-08,-12115.92964,-0.4591118871514066,1,-12388.13529,8975.59303072973
ID,2025-10-12,-13601.80282,-0.4590604981719413,1,-14529.810277499995,2994.3955020714734
MY,2025-08-31,-8513.79553,-0.459037301738405,1,-10338.46087,2541.9279160188626
TH,2025-03-30,-14690.48488,-0.45811998154836586,1,-8987.994895,3189.4931624446726
MY,2025-08-24,-10104.99035,-0.4577632377276274,1,-10014.62522,2661.295145227812
TH,2025-05-18,-7707.60358,-0.45744982584212096,1,-9398.44595,5102.25823529279
KR,2025-09-07,-8741.32495,-0.45682199501335763,1,-13388.4739225,5472.518575298943
SS,2025-06-08,-2530.23689,-0.4567430738379746,1,-2326.8277575,1144.3190240810916
PH,2025-06-15,-14582.22694,-0.4560069788428506,1,-14613.7982225,3166.551517798286
PH,2025-08-31,-17146.01069,-0.45555549557034014,1,-12407.5071725,2705.5771283414488
PH,2025-02-16,-14233.85368,-0.45452387937406663,1,-10941.24403,1847.0909465710376
TH,2025-04-20,-6527.90957,-0.4532675318509877,1,-8960.2203075,4163.3470940091065
SS,2025-02-23,-3621.20386,-0.4529331127712922,1,-2097.65806,660.9350861423912
SS,2025-11-02,-598.98635,-0.4527490680118575,1,-1909.346135,1116.3763566926225
PH,2025-10-26,-17057.69606,-0.45256447545190387,1,-11596.7373525,3222.3081138742778
VN,2025-04-20,-13665.41275,-0.4523278123736418,1,-10190.585587500002,6716.611318118746
ID,2025-03-30,-10343.65696,-0.4518289256889705,1,-14587.998644999998,5076.00557901033
VN,2025-09-28,-7602.51355,-0.45122161108910763,1,-13735.22501,4501.798145296856
SS,2025-03-30,-2243.68256,-0.45074912069455475,1,-2182.3810275,1754.9086308683457
TH,2025-06-22,-15457.29279,-0.44967991039700805,1,-10659.6069675,3275.6123764554477
SS,2025-09-28,-1920.65663,-0.4495703552670883,1,-2340.36953,1754.573895944959
TW,2025-05-18,-29871.23485,-0.44810705241368826,1,-20741.824605,5540.784154450161
TH,2025-04-13,-8147.42818,-0.4471548540128882,1,-8437.9274475,4422.291233200487
KR,2025-06-15,-14640.767,-0.44679976703062607,1,-12371.343715,8976.16729108684
VN,2025-06-29,-9033.6741,-0.44569144905001445,1,-12188.016597500002,6178.749918275393
KR,2025-03-02,-16811.21634,-0.44568397675904825,1,-13568.73489,9724.375468491222
MY,2025-03-02,-12078.34388,-0.4456451283805651,1,-8089.70234,2836.602585060454
MY,2025-05-25,-7908.46752,-0.445623144666198,1,-7310.57871,3587.027596941881
SS,2025-04-06,-1519.52138,-0.44523146108395534,1,-2345.570705,1711.3859597598084
KR,2025-04-13,-7652.87271,-0.4451983341643138,1,-15543.0905425,5799.599001426256
MY,2025-10-26,-10368.06258,-0.44430406869015776,1,-9393.3873825,1381.537305679565
TW,2025-06-15,-17777.28903,-0.4439600768295322,1,-23599.3714225,5191.962090243485
ID,2025-04-20,-18663.30296,-0.4434133573258951,1,-13661.8336875,5357.453596850842
KR,2025-06-22,-20031.94611,-0.4429123000115583,1,-13019.1001325,9038.496153666723
TH,2025-10-12,-10513.36494,-0.44243558988115256,1,-9081.9253625,2650.211514134174
VN,2025-07-06,-8563.19116,-0.4423937889306719,1,-13443.40943,4136.468569485482
TW,2025-10-05,-15579.69849,-0.44186266775369004,1,-26021.49486,6876.24920578395
PH,2025-02-23,-15319.38313,-0.4412282870411342,1,-11443.4001725,2477.8520503669206
TH,2025-06-15,-13014.0126,-0.44121329272420484,1,-9333.0047125,3072.4861414357224
TH,2025-04-27,-8453.22866,-0.4404122389213528,1,-8519.157495,4347.108751887842
PH,2025-05-04,-12298.17047,-0.440310732404194,1,-10061.001495,2757.8130619117865
PH,2025-07-13,-9643.18985,-0.4402279557783649,1,-11616.3979525,3457.597394781774
PH,2025-03-09,-10724.2697,-0.4393736907041396,1,-13198.3769875,1977.6639436769751
SS,2025-02-02,-2490.73145,-0.43884790583789063,1,-1586.3395675,992.467586238069
ID,2025-09-07,-12945.5423,-0.43853799031465956,1,-13145.401974999995,2120.1496113160815
SS,2025-10-05,-994.04599,-0.437237463456681,1,-1735.9325625,1148.655395865899
VN,2025-08-24,-12814.2432,-0.4370984643012755,1,-13607.8212675,4851.376881762619
KR,2025-04-06,-17392.91106,-0.4370733092034255,1,-13985.1222725,5971.530622441648
PH,2025-08-17,-13976.25065,-0.4366058607649281,1,-13995.1323275,2923.721260695699
ID,2025-10-05,-14601.42,-0.43651961432048575,1,-14115.840852499998,3093.9999785236864
ID,2025-05-11,-15582.3902,-0.4360025891339634,1,-11520.3407125,4801.82895718242
KR,2025-08-10,-18840.96265,-0.43592959561201794,1,-15332.6310725,8755.726264572899
SS,2025-08-17,-2848.9184,-0.4359000200761739,1,-1674.8518825,896.5701748176599
PH,2025-03-02,-10851.73039,-0.4358985265970157,1,-13173.135025,2017.835608247023
SS,2025-08-03,-2580.37897,-0.4358032478452032,1,-2117.5348875,1423.7463292678462
TW,2025-10-12,-28847.53228,-0.4350357720239603,1,-21375.761517500003,5723.345642816649
KR,2025-05-11,-12183.09594,-0.4345923181474993,1,-13340.607095,4473.977598708576
SS,2025-05-25,-930.92724,-0.4335425561805703,1,-2169.92137,732.6698770757937
MY,2025-02-23,-7251.50591,-0.43288309500059324,1,-7531.25288,3246.8474463118773
TW,2025-09-14,-17700.3915,-0.43250611092412106,1,-26123.496184999996,6063.522481546689
KR,2025-04-20,-15012.9568,-0.4323317038391902,1,-14056.477447499998,7083.861589676916
ID,2025-03-02,-15308.0616,-0.4323295861764401,1,-13615.393125,5693.7624383783295
PH,2025-06-22,-12052.4768,-0.4321887454849876,1,-14498.16211,3153.9878237626494
SS,2025-10-19,-1291.26988,-0.4319101261654884,1,-1758.6390425,1279.9594622773743
SS,2025-06-01,-3449.16177,-0.4317395478315878,1,-2068.5251075,896.2563617021842
KR,2025-08-24,-16473.06314,-0.4310514362998111,1,-12208.0615575,8761.18265702392
SS,2025-04-20,-1877.20842,-0.4310500766995493,1,-1666.3168975,473.200357799254
TH,2025-03-02,-13528.29473,-0.43039256828522204,1,-10588.86062,3718.3144999232786
MY,2025-10-05,-9920.00792,-0.43038673716054987,1,-9659.498905,2444.5759597319316
MY,2025-03-09,-7839.41842,-0.4301719016632997,1,-8540.128882500001,3388.9025469423714
ID,2025-02-09,-17695.42114,-0.4293189974695063,1,-12246.693437499998,3795.093371317871
VN,2025-06-22,-14558.92358,-0.42854359883264753,1,-12161.0680575,6165.182519337354
TH,2025-06-08,-8225.59077,-0.42793561315279416,1,-11491.596365,4658.722729021872
MY,2025-10-19,-7329.2836,-0.42740454963529534,1,-9230.7863125,1705.6972323695245
PH,2025-07-20,-12146.28908,-0.42726200170654965,1,-10381.63868,2878.878602383378
MY,2025-08-03,-8382.28958,-0.4271011755422049,1,-8808.685715,1157.2475190342009
SS,2025-07-27,-1806.40866,-0.4270611030943615,1,-1871.17287,1572.968450112033
MY,2025-06-22,-5215.04983,-0.4264927720479903,1,-8466.526460000001,2626.97470507092
PH,2025-05-25,-12952.69032,-0.42610320448925193,1,-12432.0658475,1990.615091188023
VN,2025-06-15,-11539.81357,-0.4255669827512331,1,-11991.3039925,6197.257405255771
MY,2025-06-01,-5538.88689,-0.4249892499823824,1,-8544.6736625,2163.585481599641
KR,2025-05-04,-12446.51605,-0.4239889843318679,1,-14577.2058475,4815.062803000106
TW,2025-07-06,-23925.81657,-0.4233654024210391,1,-23048.9019625,9534.128630454808
ID,2025-09-28,-13568.86391,-0.4231213985104708,1,-14145.584304999997,3087.554146097436
TW,2025-08-31,-24296.93032,-0.4227522128589678,1,-26394.490195,8631.041514636581
TH,2025-09-28,-11350.84923,-0.422482506582842,1,-10211.9594975,4073.432690140819
ID,2025-09-21,-11398.50268,-0.42198370660876655,1,-13961.056979999998,3319.782563655512
SS,2025-06-15,-2140.53579,-0.4203047708335362,1,-2197.40988,1061.8882742158696
PH,2025-08-03,-15259.75117,-0.42029971739765926,1,-13109.4467025,3270.7984208257853
PH,2025-08-10,-11089.09688,-0.4202675150091303,1,-13633.65557,3445.583528287751
VN,2025-05-11,-11946.58661,-0.42011399198570437,1,-10090.0466675,3891.787236846021
ID,2025-08-31,-13687.83772,-0.42008289993681797,1,-11702.017629999998,3277.2883827829814
VN,2025-09-21,-14041.67811,-0.4197364156102984,1,-13428.3662825,4515.757762187657
TW,2025-06-29,-16757.70842,-0.4193109259182817,1,-23444.36312,9213.615271402796
ID,2025-02-02,-10682.43288,-0.4190788257576038,1,-11397.867954999998,4563.497608478395
MY,2025-08-10,-8873.41729,-0.41886753292919804,1,-8756.42209,1174.9206771208487
TW,2025-09-28,-27888.18042,-0.4174936986766261,1,-25123.682335,6785.124611301272
SS,2025-02-09,-2729.90869,-0.4174515788532881,1,-2104.97723,665.254028002481
PH,2025-05-11,-12185.44402,-0.41737733275961725,1,-11236.9661875,2324.1767932806288
MY,2025-02-09,-10393.93445,-0.41733060241463543,1,-7185.3116625,2335.060852960748
TW,2025-10-19,-18814.88896,-0.4162054983921959,1,-24162.5467125,6042.195591862607
TW,2025-08-03,-20973.36801,-0.41581613623554453,1,-25909.77021,9015.485898463725
ID,2025-04-27,-8335.0811,-0.4157563879721157,1,-12974.2768575,4047.2988675945776
TW,2025-07-13,-21328.91511,-0.4156809326854761,1,-23903.04842,9382.601111511089
VN,2025-10-19,-15673.3025,-0.41387541113067466,1,-12482.99685,3287.738314438331
MY,2025-07-13,-10321.69171,-0.41350785784870303,1,-7435.5089375,1573.8220210037136
TH,2025-03-09,-8073.26729,-0.41339727837998747,1,-11593.67885,3869.244994875488
MY,2025-03-30,-5671.98612,-0.41324545232942733,1,-8526.1942125,2394.318609892468
TH,2025-07-13,-10514.58037,-0.4125585935620989,1,-11300.850475,3550.8175211329003
VN,2025-10-12,-13568.62369,-0.4123689780608325,1,-12936.3972,3597.7919578097703
PH,2025-10-19,-11727.80566,-0.4118478298892154,1,-11295.68895,3261.988513839558
ID,2025-08-10,-15718.06347,-0.4117435168968568,1,-12785.608474999995,3677.044935058304
ID,2025-08-03,-7914.30034,-0.41128925215791046,1,-12650.516112499998,3917.7199966121752
PH,2025-03-23,-13952.51955,-0.41128405915552224,1,-12723.4492425,2299.5983380879047
TW,2025-04-20,-22949.754,-0.4107645628900275,1,-20334.88876,8128.584689433224
MY,2025-09-28,-10217.60423,-0.41072339771550026,1,-9233.54673,2463.2815860718533
PH,2025-03-16,-13998.41375,-0.4102153703473807,1,-12782.309225,2345.661713950908
TW,2025-09-21,-24334.77566,-0.40969979240048077,1,-25642.76151,6784.075128406595
VN,2025-03-09,-12921.6936,-0.4094629963106295,1,-10443.1472125,2800.495241883457
PH,2025-07-06,-13162.9157,-0.4090399918235512,1,-11224.942825000002,3309.614590811073
TH,2025-03-23,-8292.16082,-0.40819223910404995,1,-9473.5986075,3196.098382201718
VN,2025-07-20,-10681.44423,-0.4079331922858379,1,-11774.6743975,3445.599107956482
TW,2025-06-01,-18339.55305,-0.40781471647208706,1,-22964.598495,7446.976950473646
PH,2025-09-07,-13510.44532,-0.407440162791017,1,-12879.0720525,3434.5824012098137
VN,2025-08-03,-12306.70358,-0.4068018985712539,1,-12394.849407499998,3321.244852528526
MY,2025-10-12,-10106.65378,-0.4065818357553991,1,-8996.1509,1606.7335675079178
ID,2025-04-06,-13054.38744,-0.4065781070137787,1,-13346.897485,5435.4427981807185
ID,2025-04-13,-9835.76007,-0.40622550779571254,1,-13674.6429425,5345.303946159072
MY,2025-07-27,-8809.64775,-0.4061246421393514,1,-8461.5677425,1349.1830350021914
ID,2025-05-04,-9247.21872,-0.40600721535442724,1,-12472.132892499998,4572.937289308207
TW,2025-07-20,-19258.18506,-0.40525457838702134,1,-24790.95494,8756.851281399258
VN,2025-03-02,-10863.91066,-0.40500249507036834,1,-10903.238145,3034.09735994292
SS,2025-08-10,-1876.19059,-0.40444458926186255,1,-1792.6973875,960.5519047216636
SS,2025-02-16,-1924.56441,-0.4031366597759641,1,-2100.7717925,659.8762938750313
MY,2025-06-29,-7421.17586,-0.4023299984261652,1,-7793.1720375,3117.158646640042
SS,2025-05-18,-1879.31362,-0.40212144872616296,1,-2169.39507,732.9489170680441
MY,2025-03-16,-7136.36078,-0.4019750203061871,1,-7901.499875,3155.787986715768
TW,2025-03-30,-23077.02426,-0.4014940236829621,1,-20544.059767500003,8611.263355636398
TW,2025-05-25,-25677.46705,-0.4012508187400152,1,-22472.1948175,7270.83952185245
SS,2025-10-26,-1856.43861,-0.4001461774843042,1,-1925.40064,1115.8234988741451
ID,2025-05-18,-9963.12817,-0.3995324390397711,1,-12956.998245,4985.952889106358
TH,2025-06-29,-7925.67916,-0.3991499434992235,1,-11044.440545,3829.597736285322
TH,2025-07-20,-8653.54365,-0.39810263174087357,1,-10675.9924175,3363.848046932
MY,2025-07-20,-7512.05932,-0.3980060090419464,1,-7887.315369999999,2143.2167216834428
VN,2025-07-27,-15391.85349,-0.39767268014767443,1,-10805.30456,2904.0693747287683
TH,2025-07-06,-8806.41735,-0.3951949171519139,1,-11155.64383,3695.7453449538416
VN,2025-07-13,-14942.90875,-0.39482042337578566,1,-10923.9006025,2753.0980206033128
TW,2025-04-27,-23707.85234,-0.39477643766459586,1,-21633.67189,7992.789618814696
ID,2025-03-16,-9886.99709,-0.39421547557401143,1,-13283.7964225,5096.977733332689
TH,2025-09-21,-10020.01689,-0.39375178683272716,1,-10811.1752475,4209.796335367457
ID,2025-08-24,-10660.39338,-0.3914351046467879,1,-13175.0299025,3915.1175743235494
MY,2025-03-23,-7050.65377,-0.39106162067691647,1,-8576.4072475,2354.83970385628
ID,2025-08-17,-12515.31333,-0.3908750961774019,1,-13632.739674999995,3919.3003590746366
TH,2025-10-05,-9703.31745,-0.3900646531404629,1,-10462.5033425,4115.250165699468
TH,2025-02-23,-10234.57567,-0.38557853191298447,1,-10568.795835,3721.079078214999
VN,2025-03-30,-14836.98424,-0.38447955532743794,1,-11823.9025475,4418.131247182137
MY,2025-07-06,-8591.344079999999,-0.38333144820033105,1,-8263.74428,2788.1212774410146
MY,2025-06-15,-8514.46598,-0.3811752592819378,1,-8319.80423,2639.7630518871188
VN,2025-10-05,-14719.17205,-0.38088398532579726,1,-11122.360795,4181.264163722047
